{
  "id":"104"
 ,"Identification":{
    "Name":"Offensive Behavior Detection"
   ,"Alias":"DATA-SCIENCE-APPLICATION104"
   ,"Version":"Release 1.0"
  }
 ,"Row Search":{
    "Tokenize":true
  }
 ,"Availability":{
    "Status":"Available with Developer Toolbar"
   ,"Build Status":"Run and Build Application"
  }
 ,"Error Handling":{
    "Default Display Location":"Inline with Field and in Notification"
  }
 ,"Report Printing":{
    "Type":"Native Printing"
  }
 ,"Advanced":{
    "Friendly URLs":true
   ,"Allow Feedback":true
   ,"Logging":true
   ,"Debugging":true
   ,"Compatibility Mode":"21.2 \/ 22.1 \/ 22.2"
  }
 ,"Authentication":{
    "Public User":"APEX_PUBLIC_USER"
   ,"Authentication Scheme":"Oracle APEX Accounts (25304622721766783)"
  }
 ,"Authorization":{
    "Source for Role or Group Schemes":"Access Control User Role Assignments"
  }
 ,"Session Management":{
    "Rejoin Sessions":"Disabled"
  }
 ,"Session State Protection":{
    "Enabled":true
  }
 ,"Security":{
    "Deep Linking":"Disabled"
   ,"Browser Cache":"Disabled"
   ,"Embed in Frames":"Deny"
   ,"Referrer Policy":"strict-origin"
   ,"HTML Escaping Mode":"Extended"
   ,"Runtime API Usage":[
      "Modify This Application"
    ]
  }
 ,"Advanced":{
    "Pass ECID":"Y"
  }
 ,"Database Session":{
    "Parsing Schema":"PHANTOMPETE"
  }
 ,"Globalization":{
    "Primary Language":"English (en)"
   ,"Document Direction":"Left-To-Right"
   ,"Language Derived From":"Application Primary Language"
   ,"Automatic Time Zone":false
   ,"Automatic CSV Encoding":true
  }
 ,"Application Format Masks":{
    "Date":"DS"
   ,"Timestamp":"DS"
   ,"Timestamp Time Zone":"DS"
  }
 ,"Character Value Comparison":{
    "Behavior":"Database session NLS setting (default)"
  }
 ,"Logo":{
    "Type":"Text"
   ,"Text":"Data Science Application"
  }
 ,"Progressive Web App":{
    "Enable":true
   ,"Installable":true
   ,"Display":"Standalone"
   ,"Screen Orientation":"Any"
   ,"iOS Status Bar Style":"Default"
   ,"Enable Push Notifications":true
   ,"PWA Push Notifications Credentials":"App 103 Push Notifications Credentials (12786246599765226)"
  }
 ,"Navigation":{
    "Home URL":{
      "url":"f?p=\u0026APP_ID.:1:\u0026APP_SESSION.::\u0026DEBUG.:::"
     ,"Page":"1"
    }
   ,"Login URL":{
      "url":"f?p=\u0026APP_ID.:LOGIN:\u0026APP_SESSION.::\u0026DEBUG.:::"
     ,"Page":"LOGIN"
    }
  }
 ,"Navigation Menu":{
    "List Template":"Top Navigation Menu (25477599147766939)"
   ,"Template Options":[
      "#DEFAULT#"
     ,"js-tabLike"
    ]
   ,"List Position":"Top"
  }
 ,"Navigation Bar":{
    "Implementation":"List"
   ,"List":"Navigation Bar (25589174290767093)"
   ,"List Template":"Navigation Bar (25475430089766937)"
   ,"Template Options":[
      "#DEFAULT#"
    ]
  }
 ,"JavaScript":{
    "Include jQuery Migrate":false
  }
 ,"Attributes":{
    "Theme":"Universal Theme (42)"
   ,"Global Page":"0"
   ,"Enable End Users to choose Theme Style":false
   ,"Add \"Built with APEX\" to Footer":false
  }
 ,"Substitutions":[
    {
      "id":"1"
     ,"Identification":{
        "Name":"APP_NAME"
      }
     ,"Value":{
        "Static Value":"Data Science Application"
      }
    }
  ]
 ,"Application Settings":[
    {
      "id":"25593278984767126"
     ,"Identification":{
        "Name":"FEEDBACK_ATTACHMENTS_YN"
      }
     ,"Value":{
        "Value":"Y"
       ,"Required":false
      }
     ,"Advanced":{
        "Valid Values":"Y, N"
       ,"On Upgrade Keep Value":true
      }
     ,"Configuration":{
        "Build Option":"Feature: Feedback (25591857959767120)"
      }
    }
  ]
}
