[
  {
    "id":"12786246599765226"
   ,"Identification":{
      "Name":"App 103 Push Notifications Credentials"
    }
   ,"Authentication":{
      "Type":"KEY_PAIR"
    }
   ,"Advanced":{
      "Static ID":"App_103_Push_Notifications_Credentials"
     ,"Prompt On Install":false
    }
  }
 ,{
    "id":"12876048461133303"
   ,"Identification":{
      "Name":"OCI_API"
    }
   ,"Authentication":{
      "Type":"Oracle Cloud Infrastructure (OCI)"
     ,"OCI User ID":"enteruserocid"
     ,"OCI Private Key":"***"
     ,"OCI Tenancy ID":"enteryourtenancyocid"
     ,"OCI Public Key Fingerprint":"enteryourpublicfingerprintg"
    }
   ,"Advanced":{
      "Static ID":"OCI_API"
     ,"Prompt On Install":true
    }
  }
]
