[
  {
    "id":"25304958674766785"
   ,"Identification":{
      "Name":"Breadcrumb"
    }
   ,"Entries":[
      {
        "id":"25305119917766787"
       ,"Identification":{
          "Name":"Home"
         ,"Page Number":"1"
        }
       ,"Execution":{
          "Sequence":10
        }
       ,"Link":{
          "Target":{
            "url":"f?p=\u0026APP_ID.:1:\u0026APP_SESSION.::\u0026DEBUG.:::"
           ,"Page":"1"
          }
        }
      }
     ,{
        "id":"25642440412767255"
       ,"Identification":{
          "Name":"Administration"
         ,"Page Number":"10000"
        }
       ,"Execution":{
          "Sequence":10
        }
       ,"Link":{
          "Target":{
            "url":"f?p=\u0026APP_ID.:10000:\u0026APP_SESSION.::\u0026DEBUG.:::"
           ,"Page":"10000"
          }
        }
      }
    ]
  }
]
