[
  {
    "id":"25304287066766781"
   ,"Identification":{
      "Name":"Commented Out"
    }
   ,"Status":{
      "Status":"Exclude"
     ,"Default on Export":"Same as Current Status"
     ,"On Upgrade Keep Status":false
    }
  }
 ,{
    "id":"25591857959767120"
   ,"Identification":{
      "Name":"Feature: Feedback"
    }
   ,"Status":{
      "Status":"Include"
     ,"Default on Export":"Same as Current Status"
     ,"On Upgrade Keep Status":false
    }
   ,"Comments":{
      "Comments":"Provide a mechanism for end users to post general comments back to the application administrators and developers."
    }
  }
 ,{
    "id":"25647655831767314"
   ,"Identification":{
      "Name":"Feature: Push Notifications"
    }
   ,"Status":{
      "Status":"Include"
     ,"Default on Export":"Same as Current Status"
     ,"On Upgrade Keep Status":false
    }
   ,"Comments":{
      "Comments":"Allow users to subscribe to push notifications on their devices."
    }
  }
 ,{
    "id":"25647873275767314"
   ,"Identification":{
      "Name":"Feature: User Settings"
    }
   ,"Status":{
      "Status":"Include"
     ,"Default on Export":"Same as Current Status"
     ,"On Upgrade Keep Status":false
    }
   ,"Comments":{
      "Comments":"The user settings page is a drawer that links to all user settings pages."
    }
  }
]
