[
  {
    "id":"25305414382766790"
   ,"Identification":{
      "Name":"Navigation Menu"
    }
   ,"Source":{
      "Type":"Static Values"
    }
   ,"Entries":[
      {
        "id":"25600653045767161"
       ,"Label":{
          "Label":"Home"
        }
       ,"Icon":{
          "Image\/Icon CSS Classes":"fa-home"
        }
       ,"Layout":{
          "Sequence":10
        }
       ,"Is Current":{
          "Type":"Target Page"
        }
       ,"Link":{
          "Target":{
            "url":"f?p=\u0026APP_ID.:1:\u0026APP_SESSION.::\u0026DEBUG.:::"
           ,"Page":"1"
          }
        }
       ,"Click Counting":{
          "Count Clicks":false
        }
       ,"User Defined Attributes":{
          "Translatable":false
        }
      }
     ,{
        "id":"25641534613767252"
       ,"Label":{
          "Label":"Administration"
        }
       ,"Icon":{
          "Image\/Icon CSS Classes":"fa-user-wrench"
        }
       ,"Layout":{
          "Sequence":10000
        }
       ,"Is Current":{
          "Type":"Target Page"
        }
       ,"Link":{
          "Target":{
            "url":"f?p=\u0026APP_ID.:10000:\u0026APP_SESSION.::\u0026DEBUG.:::"
           ,"Page":"10000"
          }
        }
       ,"Click Counting":{
          "Count Clicks":false
        }
       ,"User Defined Attributes":{
          "Translatable":false
        }
       ,"Security":{
          "Authorization Scheme":"Administration Rights (25592914625767122)"
        }
      }
    ]
  }
 ,{
    "id":"25589174290767093"
   ,"Identification":{
      "Name":"Navigation Bar"
    }
   ,"Source":{
      "Type":"Static Values"
    }
   ,"Entries":[
      {
        "id":"25639296224767249"
       ,"Label":{
          "Label":"Install App"
        }
       ,"Icon":{
          "Image\/Icon CSS Classes":"fa-cloud-download"
        }
       ,"Layout":{
          "Sequence":10
        }
       ,"Is Current":{
          "Type":"Never"
        }
       ,"Link":{
          "Target":"#action$a-pwa-install"
        }
       ,"Click Counting":{
          "Count Clicks":false
        }
       ,"User Defined Attributes":{
          "Translatable":false
         ,"2.":"a-pwaInstall"
        }
      }
     ,{
        "id":"25639728150767250"
       ,"Label":{
          "Label":"Feedback"
        }
       ,"Icon":{
          "Image\/Icon CSS Classes":"fa-comment-o"
        }
       ,"Layout":{
          "Sequence":20
        }
       ,"Is Current":{
          "Type":"Target Page"
        }
       ,"Link":{
          "Target":{
            "url":"f?p=\u0026APP_ID.:10010:\u0026APP_SESSION.::\u0026DEBUG.:RP,10010:P10010_PAGE_ID:\u0026APP_PAGE_ID."
           ,"Page":"10010"
           ,"Clear Cache":"RP,10010"
           ,"Values":{
              "P10010_PAGE_ID":"\u0026APP_PAGE_ID."
            }
          }
        }
       ,"Click Counting":{
          "Count Clicks":false
        }
       ,"User Defined Attributes":{
          "Translatable":false
         ,"2.":"icon-only"
        }
       ,"Server-side Condition":{
          "Type":"Expression"
         ,"Language":"PL\/SQL"
         ,"PL\/SQL Expression":"apex_util.feedback_enabled"
        }
       ,"Configuration":{
          "Build Option":"Feature: Feedback (25591857959767120)"
        }
      }
     ,{
        "id":"25639968625767250"
       ,"Label":{
          "Label":"\u0026APP_USER."
        }
       ,"Icon":{
          "Image\/Icon CSS Classes":"fa-user"
        }
       ,"Layout":{
          "Sequence":30
        }
       ,"Is Current":{
          "Type":"Target Page"
        }
       ,"Link":{
          "Target":"#"
        }
       ,"Click Counting":{
          "Count Clicks":false
        }
       ,"User Defined Attributes":{
          "Translatable":false
         ,"2.":"has-username"
        }
      }
     ,{
        "id":"25640511485767251"
       ,"Label":{
          "Label":"---"
        }
       ,"Layout":{
          "Sequence":40
         ,"Parent Entry":"\u0026APP_USER. (25639968625767250)"
        }
       ,"Is Current":{
          "Type":"Target Page"
        }
       ,"Link":{
          "Target":"separator"
        }
       ,"Click Counting":{
          "Count Clicks":false
        }
       ,"User Defined Attributes":{
          "Translatable":false
        }
       ,"Server-side Condition":{
          "Type":"User is Authenticated (not public)"
        }
      }
     ,{
        "id":"25640916780767251"
       ,"Label":{
          "Label":"Sign Out"
        }
       ,"Icon":{
          "Image\/Icon CSS Classes":"fa-sign-out"
        }
       ,"Layout":{
          "Sequence":50
         ,"Parent Entry":"\u0026APP_USER. (25639968625767250)"
        }
       ,"Is Current":{
          "Type":"Target Page"
        }
       ,"Link":{
          "Target":"\u0026LOGOUT_URL."
        }
       ,"Click Counting":{
          "Count Clicks":false
        }
       ,"User Defined Attributes":{
          "Translatable":false
        }
       ,"Server-side Condition":{
          "Type":"User is Authenticated (not public)"
        }
      }
     ,{
        "id":"25654267942767325"
       ,"Label":{
          "Label":"Settings"
        }
       ,"Icon":{
          "Image\/Icon CSS Classes":"fa-gear"
        }
       ,"Layout":{
          "Sequence":1
         ,"Parent Entry":"\u0026APP_USER. (25639968625767250)"
        }
       ,"Is Current":{
          "Type":"Target Page"
        }
       ,"Link":{
          "Target":{
            "url":"f?p=\u0026APP_ID.:20000:\u0026APP_SESSION.::\u0026DEBUG.:::"
           ,"Page":"20000"
          }
        }
       ,"Click Counting":{
          "Count Clicks":false
        }
       ,"User Defined Attributes":{
          "Translatable":false
        }
       ,"Configuration":{
          "Build Option":"Feature: User Settings (25647873275767314)"
        }
      }
    ]
  }
 ,{
    "id":"25642588923767256"
   ,"Identification":{
      "Name":"Feedback"
    }
   ,"Source":{
      "Type":"Static Values"
    }
   ,"Configuration":{
      "Build Option":"Feature: Feedback (25591857959767120)"
    }
   ,"Entries":[
      {
        "id":"25643048334767256"
       ,"Label":{
          "Label":"User Feedback"
        }
       ,"Icon":{
          "Image\/Icon CSS Classes":"fa-comment-o"
        }
       ,"Layout":{
          "Sequence":10
        }
       ,"Is Current":{
          "Type":"Target Page"
        }
       ,"Link":{
          "Target":{
            "url":"f?p=\u0026APP_ID.:10013:\u0026APP_SESSION.::\u0026DEBUG.:10013::"
           ,"Page":"10013"
           ,"Clear Cache":"10013"
          }
        }
       ,"Click Counting":{
          "Count Clicks":false
        }
       ,"User Defined Attributes":{
          "Translatable":false
         ,"1.":"Report of all feedback submitted by application users"
        }
      }
    ]
  }
 ,{
    "id":"25651480758767320"
   ,"Identification":{
      "Name":"User Settings"
    }
   ,"Source":{
      "Type":"Static Values"
    }
   ,"Configuration":{
      "Build Option":"Feature: User Settings (25647873275767314)"
    }
   ,"Entries":[
      {
        "id":"25651895738767320"
       ,"Label":{
          "Label":"Push Notifications"
        }
       ,"Icon":{
          "Image\/Icon CSS Classes":"fa-bell-o"
        }
       ,"Layout":{
          "Sequence":10
        }
       ,"Is Current":{
          "Type":"Target Page"
        }
       ,"Link":{
          "Target":{
            "url":"f?p=\u0026APP_ID.:20010:\u0026APP_SESSION.::\u0026DEBUG.:::"
           ,"Page":"20010"
          }
        }
       ,"Click Counting":{
          "Count Clicks":false
        }
       ,"User Defined Attributes":{
          "Translatable":false
         ,"1.":"Configure whether you want to receive push notifications on this device."
         ,"2.":"\u003Cspan class=\"a-pwaPush--state\"\u003E\u003C\/span\u003E"
        }
       ,"Configuration":{
          "Build Option":"Feature: Push Notifications (25647655831767314)"
        }
      }
    ]
  }
]
