[
  {
    "id":"25607870050767185"
   ,"Identification":{
      "Name":"FEEDBACK_RATING"
    }
   ,"Source":{
      "Location":"Static Values"
    }
   ,"Entries":[
      {
        "id":"25608203845767187"
       ,"Entry":{
          "Sequence":1
         ,"Display":"Positive"
         ,"Return":"3"
        }
       ,"Globalization":{
          "Template":"\u003Cspan title=\"#DISPLAY_VALUE#\" aria-label=\"#DISPLAY_VALUE#\"\u003E\u003Cspan class=\"fa fa-smile-o fa-2x feedback-positive\" aria-hidden=\"true\" \u003E\u003C\/span\u003E\u003C\/span\u003E"
        }
      }
     ,{
        "id":"25608591372767189"
       ,"Entry":{
          "Sequence":2
         ,"Display":"Neutral"
         ,"Return":"2"
        }
       ,"Globalization":{
          "Template":"\u003Cspan title=\"#DISPLAY_VALUE#\" aria-label=\"#DISPLAY_VALUE#\"\u003E\u003Cspan class=\"fa fa-emoji-neutral fa-2x feedback-neutral\" aria-hidden=\"true\" \u003E\u003C\/span\u003E\u003C\/span\u003E"
        }
      }
     ,{
        "id":"25609049807767189"
       ,"Entry":{
          "Sequence":3
         ,"Display":"Negative"
         ,"Return":"1"
        }
       ,"Globalization":{
          "Template":"\u003Cspan title=\"#DISPLAY_VALUE#\" aria-label=\"#DISPLAY_VALUE#\"\u003E\u003Cspan class=\"fa fa-frown-o fa-2x feedback-negative\" aria-hidden=\"true\" \u003E\u003C\/span\u003E\u003C\/span\u003E"
        }
      }
    ]
  }
 ,{
    "id":"25620248155767203"
   ,"Identification":{
      "Name":"FEEDBACK_STATUS"
    }
   ,"Source":{
      "Location":"Static Values"
    }
   ,"Entries":[
      {
        "id":"25620564083767203"
       ,"Entry":{
          "Sequence":1
         ,"Display":"No Action"
         ,"Return":"0"
        }
      }
     ,{
        "id":"25620893208767204"
       ,"Entry":{
          "Sequence":2
         ,"Display":"Acknowledged"
         ,"Return":"1"
        }
      }
     ,{
        "id":"25621342436767204"
       ,"Entry":{
          "Sequence":3
         ,"Display":"Open"
         ,"Return":"3"
        }
      }
     ,{
        "id":"25621721739767204"
       ,"Entry":{
          "Sequence":4
         ,"Display":"Closed"
         ,"Return":"4"
        }
      }
    ]
  }
 ,{
    "id":"25677301037076415"
   ,"Identification":{
      "Name":"ALGORITHM_TYPES"
    }
   ,"Source":{
      "Location":"Static Values"
    }
   ,"Entries":[
      {
        "id":"25677568360076416"
       ,"Entry":{
          "Sequence":1
         ,"Display":"Audio"
         ,"Return":"audio_only"
        }
      }
     ,{
        "id":"25678031124076416"
       ,"Entry":{
          "Sequence":2
         ,"Display":"Video"
         ,"Return":"video_only"
        }
      }
     ,{
        "id":"25678462381076416"
       ,"Entry":{
          "Sequence":3
         ,"Display":"Both (Audio \u0026 Video)"
         ,"Return":"both"
        }
      }
    ]
  }
]
