[
  {
    "id":"25483405123766960"
   ,"Identification":{
      "Name":"Avatar"
    }
  }
 ,{
    "id":"25492305660766997"
   ,"Identification":{
      "Name":"Badge"
    }
  }
 ,{
    "id":"25498179223767004"
   ,"Identification":{
      "Name":"Button"
    }
  }
 ,{
    "id":"25500953253767009"
   ,"Identification":{
      "Name":"Media List"
    }
  }
 ,{
    "id":"25517636800767023"
   ,"Identification":{
      "Name":"Timeline"
    }
  }
 ,{
    "id":"25532985318767036"
   ,"Identification":{
      "Name":"Content Row"
    }
  }
 ,{
    "id":"25555434698767055"
   ,"Identification":{
      "Name":"Comments"
    }
  }
]
