[
  {
    "id":"25657844050837734"
   ,"Identification":{
      "Name":"CreateJobRun"
    }
   ,"Source":{
      "Type":"HTTP"
     ,"Remote Server":"datascience-eu-frankfurt-1-oci-oraclecloud-com (12788483548835622)"
     ,"URL Path Prefix":"\/20190101"
    }
   ,"Settings":{
      "Pagination Type":"NO PAGINATION"
    }
   ,"Authentication":{
      "Credentials":"OCI_API (12876048461133303)"
    }
   ,"Synchronization":{
      "Job is Active":false
     ,"Local Table Owner":"Parsing Schema"
    }
   ,"Advanced":{
      "Static ID":"createjobrun"
     ,"Pass ECID":"Application Default"
    }
   ,"Data Profiles":{
      "id":"25657009174837726"
     ,"Identification":{
        "Name":"CreateJobRun"
      }
     ,"Data Profile":{
        "Format":"JSON"
       ,"Contains Single Row":false
       ,"Use Raw Selectors":false
      }
     ,"Advanced":{
        "Encoding":"Database Character Set"
      }
     ,"Columns":[
        {
          "id":"25657213440837730"
         ,"Identification":{
            "Column Name":"CODE"
          }
         ,"Source":{
            "Type":"Data"
           ,"Data Type":"VARCHAR2"
           ,"Maximum Length":32767
           ,"Primary Key":false
          }
         ,"Parsing":{
            "Path Expression":"code"
          }
         ,"Remote REST Data Source Server":{
            "Filterable":true
          }
         ,"Advanced":{
            "Sequence":1
           ,"Hidden":false
          }
        }
       ,{
          "id":"25657558223837731"
         ,"Identification":{
            "Column Name":"MESSAGE"
          }
         ,"Source":{
            "Type":"Data"
           ,"Data Type":"VARCHAR2"
           ,"Maximum Length":32767
           ,"Primary Key":false
          }
         ,"Parsing":{
            "Path Expression":"message"
          }
         ,"Remote REST Data Source Server":{
            "Filterable":true
          }
         ,"Advanced":{
            "Sequence":2
           ,"Hidden":false
          }
        }
      ]
    }
   ,"Operations":[
      {
        "id":"25658054333837735"
       ,"Label":{
          "Label":"POST - \/jobRuns"
        }
       ,"Operation":{
          "URL Pattern":"\/jobRuns"
         ,"HTTP Method":"POST"
         ,"Database Operation":"Fetch Rows"
         ,"Request Body Template":"{\n    \"projectId\": \"#projectid#\",\n    \"compartmentId\": \"#compartmentid#\",\n    \"jobId\": \"#jobid#\",\n    \"definedTags\": {},\n    \"displayName\": \"#displayName#\",\n    \"freeformTags\": {},\n    \"jobConfigurationOverrideDetails\": {\n        \"jobType\": \"DEFAULT\",\n        \"environmentVariables\": {\n            \"TYPE_OF_ANALYSIS\": \"#ANALYSIS_TYPE#\",  \n            \"YOUTUBE_URL\": \"#YOUTUBE_URL#\",\n            \"NAMESPACE_NAME\" : \"#BUCKET_NAMESPACE#\",\n            \"MAIN_BUCKET_NAME\": \"#BUCKET_NAME#\", \n            \"SCHEMA_NAME\": \"#SCHEMA_NAME#\"}\n        }\n    }\n}"
        }
       ,"Advanced":{
          "Allow Fetching All Rows":false
         ,"Force Raise HTTP-404 Error":false
        }
       ,"Parameters":[
          {
            "id":"25659144036906736"
           ,"Identification":{
              "Name":"projectid"
            }
           ,"Operation":{
              "Database Operation":"Fetch Rows"
            }
           ,"Value":{
              "Type":"Request or Response Body"
             ,"Direction":"In"
             ,"Static":false
             ,"Required":false
            }
          }
         ,{
            "id":"25659585703906737"
           ,"Identification":{
              "Name":"compartmentid"
            }
           ,"Operation":{
              "Database Operation":"Fetch Rows"
            }
           ,"Value":{
              "Type":"Request or Response Body"
             ,"Direction":"In"
             ,"Static":false
             ,"Required":false
            }
          }
         ,{
            "id":"25660118338906737"
           ,"Identification":{
              "Name":"jobid"
            }
           ,"Operation":{
              "Database Operation":"Fetch Rows"
            }
           ,"Value":{
              "Type":"Request or Response Body"
             ,"Direction":"In"
             ,"Static":false
             ,"Required":false
            }
          }
         ,{
            "id":"25660580776906737"
           ,"Identification":{
              "Name":"displayName"
            }
           ,"Operation":{
              "Database Operation":"Fetch Rows"
            }
           ,"Value":{
              "Type":"Request or Response Body"
             ,"Direction":"In"
             ,"Static":false
             ,"Required":false
            }
          }
         ,{
            "id":"25661119613906737"
           ,"Identification":{
              "Name":"ANALYSIS_TYPE"
            }
           ,"Operation":{
              "Database Operation":"Fetch Rows"
            }
           ,"Value":{
              "Type":"Request or Response Body"
             ,"Direction":"In"
             ,"Static":false
             ,"Required":false
            }
          }
         ,{
            "id":"25661578127906738"
           ,"Identification":{
              "Name":"YOUTUBE_URL"
            }
           ,"Operation":{
              "Database Operation":"Fetch Rows"
            }
           ,"Value":{
              "Type":"Request or Response Body"
             ,"Direction":"In"
             ,"Static":false
             ,"Required":false
            }
          }
         ,{
            "id":"25662075098906738"
           ,"Identification":{
              "Name":"BUCKET_NAMESPACE"
            }
           ,"Operation":{
              "Database Operation":"Fetch Rows"
            }
           ,"Value":{
              "Type":"Request or Response Body"
             ,"Direction":"In"
             ,"Static":false
             ,"Required":false
            }
          }
         ,{
            "id":"25662593221906738"
           ,"Identification":{
              "Name":"BUCKET_NAME"
            }
           ,"Operation":{
              "Database Operation":"Fetch Rows"
            }
           ,"Value":{
              "Type":"Request or Response Body"
             ,"Direction":"In"
             ,"Static":false
             ,"Required":false
            }
          }
         ,{
            "id":"25663130326906738"
           ,"Identification":{
              "Name":"SCHEMA_NAME"
            }
           ,"Operation":{
              "Database Operation":"Fetch Rows"
            }
           ,"Value":{
              "Type":"Request or Response Body"
             ,"Direction":"In"
             ,"Static":false
             ,"Required":false
            }
          }
         ,{
            "id":"25663609208923071"
           ,"Identification":{
              "Name":"Response"
            }
           ,"Operation":{
              "Database Operation":"Fetch Rows"
            }
           ,"Value":{
              "Type":"Request or Response Body"
             ,"Direction":"Out"
            }
          }
         ,{
            "id":"25663972019932812"
           ,"Identification":{
              "Name":"Content-Type"
            }
           ,"Operation":{
              "Database Operation":"Fetch Rows"
            }
           ,"Value":{
              "Type":"HTTP Header"
             ,"Direction":"In"
             ,"Static":true
             ,"Value":"application\/json"
            }
           ,"Advanced":{
              "Omit when value is empty":false
            }
          }
        ]
      }
    ]
  }
 ,{
    "id":"25665585067950565"
   ,"Identification":{
      "Name":"ListJobRuns"
    }
   ,"Source":{
      "Type":"HTTP"
     ,"Remote Server":"datascience-eu-frankfurt-1-oci-oraclecloud-com (12788483548835622)"
     ,"URL Path Prefix":"20190101"
    }
   ,"Settings":{
      "Pagination Type":"NO PAGINATION"
    }
   ,"Authentication":{
      "Credentials":"OCI_API (12876048461133303)"
    }
   ,"Synchronization":{
      "Job is Active":false
     ,"Local Table Owner":"Parsing Schema"
    }
   ,"Advanced":{
      "Static ID":"listjobruns"
     ,"Pass ECID":"Application Default"
    }
   ,"Data Profiles":{
      "id":"25664824711950563"
     ,"Identification":{
        "Name":"ListJobRuns"
      }
     ,"Data Profile":{
        "Format":"JSON"
       ,"Contains Single Row":false
       ,"Use Raw Selectors":false
      }
     ,"Advanced":{
        "Encoding":"Database Character Set"
      }
     ,"Columns":[
        {
          "id":"25664986341950564"
         ,"Identification":{
            "Column Name":"CODE"
          }
         ,"Source":{
            "Type":"Data"
           ,"Data Type":"VARCHAR2"
           ,"Maximum Length":32767
           ,"Primary Key":false
          }
         ,"Parsing":{
            "Path Expression":"code"
          }
         ,"Remote REST Data Source Server":{
            "Filterable":true
          }
         ,"Advanced":{
            "Sequence":1
           ,"Hidden":false
          }
        }
       ,{
          "id":"25665350761950564"
         ,"Identification":{
            "Column Name":"MESSAGE"
          }
         ,"Source":{
            "Type":"Data"
           ,"Data Type":"VARCHAR2"
           ,"Maximum Length":32767
           ,"Primary Key":false
          }
         ,"Parsing":{
            "Path Expression":"message"
          }
         ,"Remote REST Data Source Server":{
            "Filterable":true
          }
         ,"Advanced":{
            "Sequence":2
           ,"Hidden":false
          }
        }
      ]
    }
   ,"Operations":[
      {
        "id":"25665776630950566"
       ,"Label":{
          "Label":"GET - \/jobRuns"
        }
       ,"Operation":{
          "URL Pattern":"\/jobRuns"
         ,"HTTP Method":"GET"
         ,"Database Operation":"Fetch Rows"
        }
       ,"Remote Cache":{
          "Caching":"Disabled"
        }
       ,"Advanced":{
          "Allow Fetching All Rows":false
         ,"Force Raise HTTP-404 Error":false
        }
       ,"Parameters":[
          {
            "id":"25666226439950566"
           ,"Identification":{
              "Name":"projectId"
            }
           ,"Operation":{
              "Database Operation":"Fetch Rows"
            }
           ,"Value":{
              "Type":"URL Query String"
             ,"Direction":"In"
             ,"Static":false
             ,"Required":false
            }
           ,"Advanced":{
              "Omit when value is empty":false
            }
          }
         ,{
            "id":"25666716771950567"
           ,"Identification":{
              "Name":"compartmentId"
            }
           ,"Operation":{
              "Database Operation":"Fetch Rows"
            }
           ,"Value":{
              "Type":"URL Query String"
             ,"Direction":"In"
             ,"Static":false
             ,"Required":false
            }
           ,"Advanced":{
              "Omit when value is empty":false
            }
          }
         ,{
            "id":"25667234023950567"
           ,"Identification":{
              "Name":"jobId"
            }
           ,"Operation":{
              "Database Operation":"Fetch Rows"
            }
           ,"Value":{
              "Type":"URL Query String"
             ,"Direction":"In"
             ,"Static":false
             ,"Required":false
            }
           ,"Advanced":{
              "Omit when value is empty":false
            }
          }
         ,{
            "id":"25670669355950570"
           ,"Identification":{
              "Name":"Content-Type"
            }
           ,"Operation":{
              "Database Operation":"Fetch Rows"
            }
           ,"Value":{
              "Type":"HTTP Header"
             ,"Direction":"In"
             ,"Static":true
             ,"Value":"application\/json"
            }
           ,"Advanced":{
              "Omit when value is empty":false
            }
          }
         ,{
            "id":"25671174401950570"
           ,"Identification":{
              "Name":"Response"
            }
           ,"Operation":{
              "Database Operation":"Fetch Rows"
            }
           ,"Value":{
              "Type":"Request or Response Body"
             ,"Direction":"Out"
            }
          }
         ,{
            "id":"25674359209968936"
           ,"Identification":{
              "Name":"id"
            }
           ,"Operation":{
              "Database Operation":"Fetch Rows"
            }
           ,"Value":{
              "Type":"URL Query String"
             ,"Direction":"In"
             ,"Static":false
             ,"Required":false
            }
           ,"Advanced":{
              "Omit when value is empty":false
            }
          }
        ]
      }
    ]
  }
]
