{
  "id":"1"
 ,"Identification":{
    "Name":"Home"
   ,"Alias":"HOME"
   ,"Title":"Data Science Application"
  }
 ,"Appearance":{
    "Page Mode":"Normal"
   ,"Page Template":"Theme Default"
   ,"Template Options":[
      "#DEFAULT#"
    ]
  }
 ,"Navigation Menu":{
    "Override User Interface Level":false
  }
 ,"Navigation":{
    "Cursor Focus":"Do not focus cursor"
   ,"Warn on Unsaved Changes":true
  }
 ,"JavaScript":{
    "Function and Global Variable Declaration":"var myInterval; \/\/Stores the interval variable\n\nfunction fn_click_trigger()\n{\n   myInterval = setInterval(fn_click, 5000); \/\/Refresh every 5 seconds\n   apex.item(\u0027ANALYZE\u0027).hide();\n}\n\nfunction fn_click_stop()\n{\n    clearInterval(myInterval);\n}\n\nfunction fn_click()\n{\n    \/\/ Call Ajax process to execute some PL\/SQL code\n    apex.server.process (\u0027GetStatus\u0027 \/\/PL\/SQL process name\n    ,{x01: $v(\u0027JOBRUN_RESPONSE\u0027)}\n    ,{ dataType : \u0027json\u0027\n    \/\/, async : false\n    , success : function(pData)\n         {            \n             \/\/Store the PL\/SQL result in a Page item\n             apex.item(\"LIFECYCLESTATE\").setValue(pData.lifeState);\n             apex.item(\"LIFECYCLEDETAILS\").setValue(pData.lifeStatus);\n         }\n    }\n    ).done( function(pData)\n        {\n            \/\/ Do the post processing here, next set of code post PL\/SQL call\n            if(pData.lifeState == \"SUCCEEDED\") {\n                 fn_click_stop();\n                 apex.submit(\u0027STATUS\u0027);\n                 apex.item(\u0027ANALYZE\u0027).show();\n            }\n\n            if(pData.lifeState == \"FAILED\") {\n                 fn_click_stop();\n                 apex.item(\u0027ANALYZE\u0027).show();\n            }\n        }\n    );\n}\n\n    \n"
  }
 ,"Security":{
    "Authentication":"Page Requires Authentication"
   ,"Deep Linking":"Application Default"
   ,"Page Access Protection":"Arguments Must Have Checksum"
   ,"Form Auto Complete":"Off"
   ,"Browser Cache":"Application Default"
  }
 ,"Session Management":{
    "Rejoin Sessions":"Application Default"
  }
 ,"Advanced":{
    "Enable duplicate page submissions":"Yes - Enable page to be re-posted"
   ,"Reload on Submit":"Only for Success"
  }
 ,"Server Cache":{
    "Caching":"Disabled"
  }
 ,"Regions":[
    {
      "id":"24703020336519909"
     ,"Identification":{
        "Title":"Container"
       ,"Type":"Static Content"
      }
     ,"Layout":{
        "Sequence":10
       ,"Parent Region":"Data Science Application (25601529454767164)"
       ,"Position":"SUB_REGIONS"
       ,"Start New Layout":false
       ,"Start New Row":true
       ,"Column":"Automatic"
       ,"New Column":true
       ,"Column Span":"Automatic"
      }
     ,"Appearance":{
        "Template":"Standard (25408182856766886)"
       ,"Template Options":[
          "#DEFAULT#"
         ,"t-Region--noPadding"
         ,"t-Region--removeHeader js-removeLandmark"
         ,"t-Region--stacked"
         ,"t-Region--scrollBody"
        ]
       ,"Render Components":"Above Content"
      }
     ,"Accessibility":{
        "Use Landmark":true
       ,"Landmark Type":"Template Default"
      }
     ,"Advanced":{
        "Region Display Selector":false
       ,"Exclude Title from Translation":false
      }
     ,"Server Cache":{
        "Caching":"Disabled"
      }
     ,"Customization":{
        "Customizable":"Not Customizable By End Users"
      }
     ,"Attributes":{
        "Settings":{
          "Output As":"HTML"
         ,"Expand Shortcuts":false
        }
      }
    }
   ,{
      "id":"25601529454767164"
     ,"Identification":{
        "Title":"Data Science Application"
       ,"Type":"Static Content"
      }
     ,"Layout":{
        "Sequence":10
       ,"Parent Region":"No Parent"
       ,"Position":"REGION_POSITION_01"
       ,"Start New Layout":false
       ,"Start New Row":true
       ,"Column":"Automatic"
       ,"New Column":true
       ,"Column Span":"Automatic"
      }
     ,"Appearance":{
        "Template":"Hero (25392388887766878)"
       ,"Template Options":[
          "#DEFAULT#"
         ,"t-HeroRegion--featured t-HeroRegion--centered"
        ]
       ,"Render Components":"Above Content"
      }
     ,"Image":{
        "File URL":"#APP_FILES#icons\/app-icon-512.png"
      }
     ,"Accessibility":{
        "Use Landmark":true
       ,"Landmark Type":"Template Default"
      }
     ,"Advanced":{
        "Region Display Selector":false
       ,"Exclude Title from Translation":false
      }
     ,"Server Cache":{
        "Caching":"Disabled"
      }
     ,"Customization":{
        "Customizable":"Not Customizable By End Users"
      }
     ,"Attributes":{
        "Settings":{
          "Output As":"HTML"
         ,"Expand Shortcuts":false
        }
      }
    }
  ]
 ,"Page Items":[
    {
      "id":"24703154054519910"
     ,"Identification":{
        "Name":"VIDEO_URL"
       ,"Type":"Text Field"
      }
     ,"Label":{
        "Label":"Video Url"
       ,"Alignment":"Left"
      }
     ,"Settings":{
        "Subtype":"Text"
       ,"Trim Spaces":"Leading and Trailing"
       ,"Text Case":"NO CHANGE"
       ,"Submit when Enter pressed":false
       ,"Disabled":false
      }
     ,"Layout":{
        "Sequence":10
       ,"Region":"Container (24703020336519909)"
       ,"Position":"BODY"
       ,"Alignment":"Left"
       ,"Start New Layout":false
       ,"Start New Row":true
       ,"Column":"Automatic"
       ,"New Column":true
       ,"Column Span":"Automatic"
       ,"Label Column Span":"Page Template Default"
      }
     ,"Appearance":{
        "Template":"Optional - Floating (25478957902766942)"
       ,"Template Options":[
          "#DEFAULT#"
        ]
       ,"Width":30
      }
     ,"Validation":{
        "Value Required":false
      }
     ,"Advanced":{
        "Warn on Unsaved Changes":"Page Default"
      }
     ,"Source":{
        "Type":"Null"
       ,"Used":"Only when current value in session state is null"
      }
     ,"Session State":{
        "Storage":"Per Session (Persistent)"
      }
     ,"Quick Picks":{
        "Show Quick Picks":false
      }
     ,"Security":{
        "Session State Protection":"Unrestricted"
       ,"Store value encrypted in session state":true
       ,"Restricted Characters":"All characters can be saved."
      }
    }
   ,{
      "id":"24703197736519911"
     ,"Identification":{
        "Name":"ALGORITHM"
       ,"Type":"Select List"
      }
     ,"Label":{
        "Label":"Analysis Type"
       ,"Alignment":"Left"
      }
     ,"Settings":{
        "Page Action on Selection":"Submit Page"
       ,"Execute Validations":true
      }
     ,"Layout":{
        "Sequence":20
       ,"Region":"Container (24703020336519909)"
       ,"Position":"BODY"
       ,"Alignment":"Left"
       ,"Start New Layout":false
       ,"Start New Row":true
       ,"Column":"Automatic"
       ,"New Column":true
       ,"Column Span":"Automatic"
       ,"Label Column Span":"Page Template Default"
      }
     ,"Appearance":{
        "Template":"Optional - Floating (25478957902766942)"
       ,"Template Options":[
          "#DEFAULT#"
        ]
       ,"Height":1
      }
     ,"Validation":{
        "Value Required":false
      }
     ,"List of Values":{
        "Type":"Shared Component"
       ,"List of Values":"ALGORITHM_TYPES (25677301037076415)"
       ,"Display Extra Values":false
       ,"Display Null Value":false
      }
     ,"Advanced":{
        "Warn on Unsaved Changes":"Page Default"
      }
     ,"Source":{
        "Type":"Null"
       ,"Used":"Only when current value in session state is null"
      }
     ,"Session State":{
        "Storage":"Per Session (Persistent)"
      }
     ,"Quick Picks":{
        "Show Quick Picks":false
      }
     ,"Security":{
        "Session State Protection":"Unrestricted"
       ,"Store value encrypted in session state":true
       ,"Restricted Characters":"All characters can be saved."
      }
    }
   ,{
      "id":"24703331940519912"
     ,"Identification":{
        "Name":"PICTURE"
       ,"Type":"File Browse..."
      }
     ,"Label":{
        "Label":"Picture"
       ,"Alignment":"Left"
      }
     ,"Settings":{
        "Display As":"Inline Dropzone"
       ,"Dropzone Title":"Upload Profile Picture"
       ,"Dropzone Description":"The image should display a selfie of a single person."
       ,"Storage Type":"Table APEX_APPLICATION_TEMP_FILES"
       ,"Purge File at":"End of Session"
       ,"Allow Multiple Files":false
       ,"File Types":".jpg"
      }
     ,"Layout":{
        "Sequence":30
       ,"Region":"Container (24703020336519909)"
       ,"Position":"BODY"
       ,"Alignment":"Left"
       ,"Start New Layout":false
       ,"Start New Row":true
       ,"Column":"Automatic"
       ,"New Column":true
       ,"Column Span":"Automatic"
       ,"Label Column Span":"Page Template Default"
      }
     ,"Appearance":{
        "Template":"Optional - Floating (25478957902766942)"
       ,"Template Options":[
          "#DEFAULT#"
        ]
       ,"Width":30
      }
     ,"Validation":{
        "Value Required":false
      }
     ,"Advanced":{
        "Warn on Unsaved Changes":"Page Default"
      }
     ,"Source":{
        "Type":"Null"
       ,"Used":"Only when current value in session state is null"
      }
     ,"Session State":{
        "Storage":"Per Session (Persistent)"
      }
     ,"Server-side Condition":{
        "Type":"Item is in colon delimited list"
       ,"Item":"ALGORITHM"
       ,"List":"video_only:both"
      }
     ,"Security":{
        "Session State Protection":"Unrestricted"
       ,"Restricted Characters":"All characters can be saved."
      }
    }
   ,{
      "id":"24704124866519920"
     ,"Identification":{
        "Name":"JOBRUN_RESPONSE"
       ,"Type":"Hidden"
      }
     ,"Settings":{
        "Value Protected":true
      }
     ,"Layout":{
        "Sequence":60
       ,"Region":"Container (24703020336519909)"
       ,"Position":"BODY"
      }
     ,"Advanced":{
        "Warn on Unsaved Changes":"Page Default"
      }
     ,"Source":{
        "Type":"Null"
       ,"Used":"Only when current value in session state is null"
      }
     ,"Session State":{
        "Data Type":"VARCHAR2"
       ,"Storage":"Per Session (Persistent)"
      }
     ,"Security":{
        "Session State Protection":"Unrestricted"
       ,"Store value encrypted in session state":true
       ,"Restricted Characters":"All characters can be saved."
      }
    }
   ,{
      "id":"24704177426519921"
     ,"Identification":{
        "Name":"LIFECYCLESTATE"
       ,"Type":"Display Only"
      }
     ,"Label":{
        "Label":"Lifecycle State"
       ,"Alignment":"Left"
      }
     ,"Settings":{
        "Format":"Plain Text"
       ,"Based On":"Item Value"
       ,"Show Line Breaks":true
       ,"Send On Page Submit":false
      }
     ,"Layout":{
        "Sequence":70
       ,"Region":"Container (24703020336519909)"
       ,"Position":"BODY"
       ,"Alignment":"Left"
       ,"Start New Layout":false
       ,"Start New Row":true
       ,"Column":"Automatic"
       ,"New Column":true
       ,"Column Span":"Automatic"
       ,"Label Column Span":"Page Template Default"
      }
     ,"Appearance":{
        "Template":"Optional - Floating (25478957902766942)"
       ,"Template Options":[
          "#DEFAULT#"
        ]
      }
     ,"Advanced":{
        "Warn on Unsaved Changes":"Page Default"
      }
     ,"Source":{
        "Type":"Null"
       ,"Used":"Only when current value in session state is null"
      }
     ,"Session State":{
        "Data Type":"VARCHAR2"
       ,"Storage":"Per Session (Persistent)"
      }
     ,"Security":{
        "Session State Protection":"Unrestricted"
       ,"Store value encrypted in session state":true
       ,"Restricted Characters":"All characters can be saved."
      }
    }
   ,{
      "id":"24704353940519922"
     ,"Identification":{
        "Name":"LIFECYCLEDETAILS"
       ,"Type":"Display Only"
      }
     ,"Label":{
        "Label":"Lifecycle Details"
       ,"Alignment":"Left"
      }
     ,"Settings":{
        "Format":"Plain Text"
       ,"Based On":"Item Value"
       ,"Show Line Breaks":true
       ,"Send On Page Submit":true
      }
     ,"Layout":{
        "Sequence":80
       ,"Region":"Container (24703020336519909)"
       ,"Position":"BODY"
       ,"Alignment":"Left"
       ,"Start New Layout":false
       ,"Start New Row":true
       ,"Column":"Automatic"
       ,"New Column":true
       ,"Column Span":"Automatic"
       ,"Label Column Span":"Page Template Default"
      }
     ,"Appearance":{
        "Template":"Optional - Floating (25478957902766942)"
       ,"Template Options":[
          "#DEFAULT#"
        ]
      }
     ,"Advanced":{
        "Warn on Unsaved Changes":"Page Default"
      }
     ,"Source":{
        "Type":"Null"
       ,"Used":"Only when current value in session state is null"
      }
     ,"Session State":{
        "Data Type":"VARCHAR2"
       ,"Storage":"Per Session (Persistent)"
      }
     ,"Security":{
        "Session State Protection":"Unrestricted"
       ,"Store value encrypted in session state":true
       ,"Restricted Characters":"All characters can be saved."
      }
    }
  ]
 ,"Buttons":[
    {
      "id":"24703456831519913"
     ,"Identification":{
        "Button Name":"Analyze"
       ,"Label":"Analyze"
      }
     ,"Layout":{
        "Sequence":40
       ,"Region":"Container (24703020336519909)"
       ,"Position":"BODY"
       ,"Start New Layout":false
       ,"Start New Row":true
       ,"Column":"Automatic"
       ,"New Column":true
       ,"Column Span":"Automatic"
       ,"Alignment":"Right"
      }
     ,"Appearance":{
        "Button Template":"Text (25481392372766946)"
       ,"Hot":false
       ,"Template Options":[
          "#DEFAULT#"
        ]
      }
     ,"Behavior":{
        "Action":"Submit Page"
       ,"Execute Validations":true
       ,"Warn on Unsaved Changes":"Do Not Check"
      }
     ,"Advanced":{
        "Static ID":"ANALYZE"
      }
    }
   ,{
      "id":"24703483401519914"
     ,"Identification":{
        "Button Name":"Status"
       ,"Label":"Status"
      }
     ,"Layout":{
        "Sequence":50
       ,"Region":"Container (24703020336519909)"
       ,"Position":"BODY"
       ,"Start New Layout":false
       ,"Start New Row":true
       ,"Column":"Automatic"
       ,"New Column":true
       ,"Column Span":"Automatic"
       ,"Alignment":"Right"
      }
     ,"Appearance":{
        "Button Template":"Text (25481392372766946)"
       ,"Hot":false
       ,"Template Options":[
          "#DEFAULT#"
        ]
      }
     ,"Behavior":{
        "Action":"Redirect to URL"
       ,"Target":"javascript:fn_click_trigger();"
       ,"Execute Validations":true
       ,"Warn on Unsaved Changes":"Do Not Check"
      }
     ,"Advanced":{
        "Static ID":"STATUS"
      }
    }
  ]
 ,"Processes":[
    {
      "id":"24703638202519915"
     ,"Identification":{
        "Name":"JobProcess"
       ,"Type":"Execution Chain"
       ,"Execution Chain":"None"
      }
     ,"Settings":{
        "Execute in Background":false
      }
     ,"Execution":{
        "Sequence":10
       ,"Point":"Processing"
       ,"Run Process":"Once Per Page Visit (default)"
      }
     ,"Error":{
        "Display Location":"Inline in Notification"
      }
     ,"Server-side Condition":{
        "When Button Pressed":"Analyze (24703456831519913)"
      }
    }
   ,{
      "id":"24703765590519916"
     ,"Identification":{
        "Name":"UploadPictureSQL"
       ,"Type":"Execute Code"
       ,"Execution Chain":"JobProcess (24703638202519915)"
      }
     ,"Source":{
        "Location":"Local Database"
       ,"Language":"PL\/SQL"
       ,"PL\/SQL Code":"declare\n    l_request_url varchar(32000);\n    l_content_length number;\n    l_response clob;\n    upload_failed_exception exception;\n    l_request_object blob;\n    l_request_filename varchar2(500);\n    begin\n        select blob_content, filename into l_request_object, l_request_filename from apex_application_temp_files where name = :PICTURE;\n        l_request_url := \u0027https:\/\/objectstorage.eu-frankfurt-1.oraclecloud.com\/n\/namespace\/b\/bucket_name\/o\/folder_name \/\u0027 || apex_util.url_encode(l_request_filename);        \nl_response := apex_web_service.make_rest_request(\n            p_url =\u003E l_request_url,\n            p_http_method =\u003E \u0027PUT\u0027,\n            p_body_blob =\u003E l_request_object,\n            p_credential_static_id =\u003E \u0027OCI_API\u0027 --Update with your Web Credentials\n        );end;\n"
      }
     ,"Execution":{
        "Sequence":20
      }
     ,"Server-side Condition":{
        "Type":"Item is NOT NULL"
       ,"Item":"PICTURE"
      }
    }
   ,{
      "id":"24703823851519917"
     ,"Identification":{
        "Name":"CreateJobRun"
       ,"Type":"Invoke API"
       ,"Execution Chain":"JobProcess (24703638202519915)"
      }
     ,"Settings":{
        "Type":"REST Source"
       ,"REST Source":"CreateJobRun (25657844050837734)"
       ,"Operation":"POST - \/jobRuns (25658054333837735)"
      }
     ,"Execution":{
        "Sequence":30
      }
     ,"Parameters":[
        {
          "id":"24704430609519923"
         ,"Identification":{
            "Name":"ANALYSIS_TYPE (25661119613906737)"
          }
         ,"Parameter":{
            "Direction":"In"
          }
         ,"Value":{
            "Type":"Item"
           ,"Item":"ALGORITHM"
          }
        }
       ,{
          "id":"24704484026519924"
         ,"Identification":{
            "Name":"BUCKET_NAME (25662593221906738)"
          }
         ,"Parameter":{
            "Direction":"In"
          }
         ,"Value":{
            "Type":"Static Value"
           ,"Static Value":"Enter your bucket name here"
          }
        }
       ,{
          "id":"24704586479519925"
         ,"Identification":{
            "Name":"BUCKET_NAMESPACE (25662075098906738)"
          }
         ,"Parameter":{
            "Direction":"In"
          }
         ,"Value":{
            "Type":"Static Value"
           ,"Static Value":"Enter your bucket Namespace here "
          }
        }
       ,{
          "id":"24704674055519926"
         ,"Identification":{
            "Name":"compartmentid (25659585703906737)"
          }
         ,"Parameter":{
            "Direction":"In"
          }
         ,"Value":{
            "Type":"Static Value"
           ,"Static Value":"Enter the Data Science Compartment ID here"
          }
        }
       ,{
          "id":"24704783438519927"
         ,"Identification":{
            "Name":"displayName (25660580776906737)"
          }
         ,"Parameter":{
            "Direction":"In"
          }
         ,"Value":{
            "Type":"Static Value"
           ,"Static Value":"MyNewJob"
          }
        }
       ,{
          "id":"24704899007519928"
         ,"Identification":{
            "Name":"jobid (25660118338906737)"
          }
         ,"Parameter":{
            "Direction":"In"
          }
         ,"Value":{
            "Type":"Static Value"
           ,"Static Value":"Enter the Data Science Job ID here"
          }
        }
       ,{
          "id":"24705037681519929"
         ,"Identification":{
            "Name":"projectid (25659144036906736)"
          }
         ,"Parameter":{
            "Direction":"In"
          }
         ,"Value":{
            "Type":"Static Value"
           ,"Static Value":"Enter the Data Science Project ID here"
          }
        }
       ,{
          "id":"24705158429519930"
         ,"Identification":{
            "Name":"Response (25663609208923071)"
          }
         ,"Parameter":{
            "Direction":"Out"
           ,"Ignore Output":false
          }
         ,"Value":{
            "Item":"JOBRUN_RESPONSE"
          }
        }
       ,{
          "id":"24705227375519931"
         ,"Identification":{
            "Name":"SCHEMA_NAME (25663130326906738)"
          }
         ,"Parameter":{
            "Direction":"In"
          }
         ,"Value":{
            "Type":"Static Value"
           ,"Static Value":"\u0026APP_USER."
          }
        }
       ,{
          "id":"24705320695519932"
         ,"Identification":{
            "Name":"YOUTUBE_URL (25661578127906738)"
          }
         ,"Parameter":{
            "Direction":"In"
          }
         ,"Value":{
            "Type":"Item"
           ,"Item":"VIDEO_URL"
          }
        }
      ]
    }
   ,{
      "id":"24705531401519934"
     ,"Identification":{
        "Name":"GetStatus"
       ,"Type":"Execute Code"
       ,"Execution Chain":"None"
      }
     ,"Source":{
        "Location":"Local Database"
       ,"Language":"PL\/SQL"
       ,"PL\/SQL Code":"DECLARE\n    l_params apex_exec.t_parameters;\n    j apex_json.t_values;\n    lifecyclestate varchar2(50);\n    lifecyclestatus varchar2(250);\nBEGIN\n    apex_json.parse(j, :JOBRUN_RESPONSE);\n    apex_exec.add_parameter( l_params, \u0027id\u0027, apex_json.get_varchar2(p_path=\u003E\u0027id\u0027,p0=\u003E 3,p_values=\u003Ej) );\n    apex_exec.add_parameter( l_params, \u0027jobId\u0027,apex_json.get_varchar2(p_path=\u003E\u0027jobId\u0027,p0=\u003E 3,p_values=\u003Ej) );\n    apex_exec.add_parameter( l_params, \u0027compartmentId\u0027,apex_json.get_varchar2(p_path=\u003E\u0027compartmentId\u0027,p0=\u003E 3,p_values=\u003Ej) );\n    apex_exec.add_parameter( l_params, \u0027projectId\u0027,apex_json.get_varchar2(p_path=\u003E\u0027projectId\u0027,p0=\u003E 3,p_values=\u003Ej) );\n\n    apex_exec.execute_rest_source(\n        p_static_id        =\u003E \u0027listjobruns\u0027, --Get this static ID from the REST Data Source\n        p_operation        =\u003E \u0027GET\u0027,\n        p_parameters       =\u003E l_params );\n\n     apex_json.parse(j, apex_exec.get_parameter_clob(l_params,\u0027Response\u0027));\n     apex_json.open_object;\n  \n     lifecyclestate := apex_json.get_varchar2(p_path=\u003E\u0027[%d].lifecycleState\u0027,p0 =\u003E 1,p_values=\u003Ej);\n     lifecyclestatus := apex_json.get_varchar2(p_path=\u003E\u0027[%d].lifecycleDetails\u0027,p0 =\u003E 1,p_values=\u003Ej);\n     \n     apex_json.write( p_name  =\u003E \u0027lifeState\u0027, p_value =\u003E lifecyclestate);\n     apex_json.write( p_name  =\u003E \u0027lifeStatus\u0027, p_value =\u003E lifecyclestatus);\n\n     apex_json.close_object;\n     :LIFECYCLESTATE := lifecyclestate; --Persist update of status.\n\nEND;\n\n    "
      }
     ,"Execution":{
        "Sequence":10
       ,"Point":"Ajax Callback"
       ,"Run Process":"Once Per Page Visit (default)"
      }
     ,"Server-side Condition":{
        "Type":"Item is NOT NULL"
       ,"Item":"JOBRUN_RESPONSE"
      }
    }
  ]
}
