{
  "id":"10010"
 ,"Identification":{
    "Name":"Feedback"
   ,"Alias":"FEEDBACK"
   ,"Title":"Feedback"
   ,"Page Group":"Administration (25593536605767127)"
  }
 ,"Appearance":{
    "Page Mode":"Modal Dialog"
   ,"Dialog Template":"Theme Default"
   ,"Template Options":[
      "#DEFAULT#"
    ]
  }
 ,"Dialog":{
    "Width":"480"
   ,"Chained":false
  }
 ,"Navigation Menu":{
    "Override User Interface Level":false
  }
 ,"Navigation":{
    "Cursor Focus":"Do not focus cursor"
   ,"Warn on Unsaved Changes":true
  }
 ,"CSS":{
    "Inline":".feedback-positive, .feedback-negative, .feedback-neutral { padding: 8px; border-radius: 100%; background-color: white; margin: 4px; }\n.feedback-positive { color: var(--ut-feedback-positive-text-color, var(--ut-palette-success)); }\n.feedback-neutral { color: var(--ut-feedback-neutral-text-color, var(--ut-palette-warning)); }\n.feedback-negative { color: var(--ut-feedback-negative-text-color, var(--ut-palette-danger)); }"
  }
 ,"Security":{
    "Authentication":"Page Requires Authentication"
   ,"Deep Linking":"Application Default"
   ,"Page Access Protection":"Arguments Must Have Checksum"
   ,"Form Auto Complete":"Off"
   ,"Browser Cache":"Application Default"
  }
 ,"Session Management":{
    "Rejoin Sessions":"Application Default"
  }
 ,"Advanced":{
    "Enable duplicate page submissions":"Yes - Enable page to be re-posted"
   ,"Reload on Submit":"Only for Success"
  }
 ,"Server Cache":{
    "Caching":"Disabled"
  }
 ,"Configuration":{
    "Build Option":"Feature: Feedback (25591857959767120)"
  }
 ,"Regions":[
    {
      "id":"25602105277767176"
     ,"Identification":{
        "Title":"Form on Feedback"
       ,"Type":"Static Content"
      }
     ,"Layout":{
        "Sequence":10
       ,"Parent Region":"No Parent"
       ,"Position":"BODY"
       ,"Start New Layout":false
       ,"Start New Row":true
       ,"Column":"Automatic"
       ,"New Column":true
       ,"Column Span":"Automatic"
      }
     ,"Appearance":{
        "Template":"Blank with Attributes (25341661097766844)"
       ,"Template Options":[
          "#DEFAULT#"
         ,"t-Form--stretchInputs"
        ]
       ,"Render Components":"Above Content"
      }
     ,"Accessibility":{
        "Use Landmark":true
       ,"Landmark Type":"Template Default"
      }
     ,"Advanced":{
        "Region Display Selector":false
       ,"Exclude Title from Translation":false
      }
     ,"Server Cache":{
        "Caching":"Disabled"
      }
     ,"Customization":{
        "Customizable":"Not Customizable By End Users"
      }
     ,"Attributes":{
        "Settings":{
          "Output As":"HTML"
         ,"Expand Shortcuts":false
        }
      }
    }
   ,{
      "id":"25602198151767176"
     ,"Identification":{
        "Title":"Buttons"
       ,"Type":"Static Content"
      }
     ,"Layout":{
        "Sequence":10
       ,"Parent Region":"No Parent"
       ,"Position":"REGION_POSITION_03"
       ,"Start New Layout":false
       ,"Start New Row":true
       ,"Column":"Automatic"
       ,"New Column":true
       ,"Column Span":"Automatic"
      }
     ,"Appearance":{
        "Template":"Buttons Container (25371812688766865)"
       ,"Template Options":[
          "#DEFAULT#"
        ]
       ,"Render Components":"Above Content"
      }
     ,"Accessibility":{
        "Use Landmark":true
       ,"Landmark Type":"Template Default"
      }
     ,"Advanced":{
        "Region Display Selector":false
       ,"Exclude Title from Translation":false
      }
     ,"Server Cache":{
        "Caching":"Disabled"
      }
     ,"Customization":{
        "Customizable":"Not Customizable By End Users"
      }
     ,"Attributes":{
        "Settings":{
          "Output As":"HTML"
         ,"Expand Shortcuts":false
        }
      }
    }
  ]
 ,"Page Items":[
    {
      "id":"25606634227767183"
     ,"Identification":{
        "Name":"P10010_APPLICATION_ID"
       ,"Type":"Hidden"
      }
     ,"Settings":{
        "Value Protected":true
      }
     ,"Layout":{
        "Sequence":10
       ,"Region":"Form on Feedback (25602105277767176)"
       ,"Position":"BODY"
      }
     ,"Advanced":{
        "Warn on Unsaved Changes":"Page Default"
      }
     ,"Source":{
        "Type":"Null"
       ,"Used":"Always, replacing any existing value in session state"
      }
     ,"Session State":{
        "Data Type":"VARCHAR2"
       ,"Storage":"Per Session (Persistent)"
      }
     ,"Security":{
        "Session State Protection":"Checksum Required - Session Level"
       ,"Store value encrypted in session state":true
       ,"Restricted Characters":"All characters can be saved."
      }
    }
   ,{
      "id":"25607063564767183"
     ,"Identification":{
        "Name":"P10010_PAGE_ID"
       ,"Type":"Hidden"
      }
     ,"Settings":{
        "Value Protected":true
      }
     ,"Layout":{
        "Sequence":20
       ,"Region":"Form on Feedback (25602105277767176)"
       ,"Position":"BODY"
      }
     ,"Advanced":{
        "Warn on Unsaved Changes":"Page Default"
      }
     ,"Source":{
        "Type":"Null"
       ,"Used":"Always, replacing any existing value in session state"
      }
     ,"Session State":{
        "Data Type":"VARCHAR2"
       ,"Storage":"Per Session (Persistent)"
      }
     ,"Security":{
        "Session State Protection":"Checksum Required - Session Level"
       ,"Store value encrypted in session state":true
       ,"Restricted Characters":"All characters can be saved."
      }
    }
   ,{
      "id":"25607421164767184"
     ,"Identification":{
        "Name":"P10010_USER_AGENT"
       ,"Type":"Hidden"
      }
     ,"Settings":{
        "Value Protected":true
      }
     ,"Layout":{
        "Sequence":30
       ,"Region":"Form on Feedback (25602105277767176)"
       ,"Position":"BODY"
      }
     ,"Advanced":{
        "Warn on Unsaved Changes":"Page Default"
      }
     ,"Source":{
        "Type":"SQL Query (return single value)"
       ,"SQL Query":"select sys.owa_util.get_cgi_env(\u0027user-agent\u0027) x\nfrom dual"
       ,"Used":"Always, replacing any existing value in session state"
      }
     ,"Session State":{
        "Data Type":"VARCHAR2"
       ,"Storage":"Per Session (Persistent)"
      }
     ,"Security":{
        "Session State Protection":"Checksum Required - Session Level"
       ,"Store value encrypted in session state":true
       ,"Restricted Characters":"All characters can be saved."
      }
    }
   ,{
      "id":"25607796821767185"
     ,"Identification":{
        "Name":"P10010_RATING"
       ,"Type":"Radio Group"
      }
     ,"Label":{
        "Label":"Experience"
       ,"Alignment":"Left"
      }
     ,"Settings":{
        "Number of Columns":3
       ,"Page Action on Selection":"None"
      }
     ,"Layout":{
        "Sequence":35
       ,"Region":"Form on Feedback (25602105277767176)"
       ,"Position":"BODY"
       ,"Alignment":"Left"
       ,"Start New Layout":false
       ,"Start New Row":true
       ,"Column":"Automatic"
       ,"New Column":true
       ,"Column Span":"Automatic"
       ,"Label Column Span":"Page Template Default"
      }
     ,"Appearance":{
        "Template":"Optional - Floating (25478957902766942)"
       ,"Template Options":[
          "#DEFAULT#"
         ,"t-Form-fieldContainer--radioButtonGroup"
        ]
      }
     ,"Validation":{
        "Value Required":false
      }
     ,"List of Values":{
        "Type":"Shared Component"
       ,"List of Values":"FEEDBACK_RATING (25607870050767185)"
       ,"Display Extra Values":false
       ,"Display Null Value":false
      }
     ,"Advanced":{
        "Warn on Unsaved Changes":"Page Default"
      }
     ,"Source":{
        "Type":"Null"
       ,"Used":"Only when current value in session state is null"
      }
     ,"Session State":{
        "Storage":"Per Session (Persistent)"
      }
     ,"Security":{
        "Session State Protection":"Unrestricted"
       ,"Store value encrypted in session state":true
       ,"Escape special characters":false
       ,"Restricted Characters":"All characters can be saved."
      }
    }
   ,{
      "id":"25609733268767191"
     ,"Identification":{
        "Name":"P10010_FEEDBACK"
       ,"Type":"Textarea"
      }
     ,"Label":{
        "Label":"Feedback"
       ,"Alignment":"Left"
      }
     ,"Settings":{
        "Resizable":true
       ,"Auto-Height":false
       ,"Character Counter":false
       ,"Trim Spaces":"Leading and Trailing"
      }
     ,"Layout":{
        "Sequence":40
       ,"Region":"Form on Feedback (25602105277767176)"
       ,"Position":"BODY"
       ,"Alignment":"Left"
       ,"Start New Layout":false
       ,"Start New Row":true
       ,"Column":"Automatic"
       ,"New Column":true
       ,"Column Span":"Automatic"
       ,"Label Column Span":"Page Template Default"
      }
     ,"Appearance":{
        "Template":"Optional - Floating (25478957902766942)"
       ,"Width":64
       ,"Height":4
      }
     ,"Validation":{
        "Value Required":false
       ,"Maximum Length":4000
      }
     ,"Advanced":{
        "Warn on Unsaved Changes":"Page Default"
      }
     ,"Source":{
        "Type":"Null"
       ,"Used":"Only when current value in session state is null"
      }
     ,"Session State":{
        "Data Type":"VARCHAR2"
       ,"Storage":"Per Session (Persistent)"
      }
     ,"Quick Picks":{
        "Show Quick Picks":false
      }
     ,"Security":{
        "Session State Protection":"Unrestricted"
       ,"Store value encrypted in session state":true
       ,"Restricted Characters":"All characters can be saved."
      }
    }
  ]
 ,"Buttons":[
    {
      "id":"25602315057767176"
     ,"Identification":{
        "Button Name":"SUBMIT"
       ,"Label":"Submit Feedback"
      }
     ,"Layout":{
        "Sequence":10
       ,"Region":"Buttons (25602198151767176)"
       ,"Position":"CREATE"
       ,"Start New Layout":false
       ,"Start New Row":true
       ,"Column":"Automatic"
       ,"New Column":true
       ,"Column Span":"Automatic"
      }
     ,"Appearance":{
        "Button Template":"Text (25481392372766946)"
       ,"Hot":true
       ,"Template Options":[
          "#DEFAULT#"
         ,"t-Button--gapLeft"
        ]
      }
     ,"Behavior":{
        "Action":"Submit Page"
       ,"Execute Validations":true
       ,"Warn on Unsaved Changes":"Do Not Check"
      }
    }
   ,{
      "id":"25605312203767180"
     ,"Identification":{
        "Button Name":"CANCEL"
       ,"Label":"Cancel"
      }
     ,"Layout":{
        "Sequence":10
       ,"Region":"Buttons (25602198151767176)"
       ,"Position":"EDIT"
       ,"Start New Layout":false
       ,"Start New Row":true
       ,"Column":"Automatic"
       ,"New Column":true
       ,"Column Span":"Automatic"
      }
     ,"Appearance":{
        "Button Template":"Text (25481392372766946)"
       ,"Hot":false
       ,"Template Options":[
          "#DEFAULT#"
        ]
      }
     ,"Behavior":{
        "Action":"Defined by Dynamic Action"
       ,"Execute Validations":false
      }
    }
  ]
 ,"Dynamic Actions":[
    {
      "id":"25605464928767180"
     ,"Identification":{
        "Name":"Cancel Dialog"
      }
     ,"Execution":{
        "Sequence":10
      }
     ,"When":{
        "Event":"EVENT.EVENT.BROWSER.CLICK"
       ,"Selection Type":"Button"
       ,"Button":"CANCEL (25605312203767180)"
      }
     ,"Execution":{
        "Event Scope":"Static"
       ,"Type":"Immediate"
      }
     ,"Actions":[
        {
          "id":"25606103017767181"
         ,"Identification":{
            "Action":"Cancel Dialog"
          }
         ,"Execution":{
            "Sequence":10
           ,"Event":"Cancel Dialog (25605464928767180)"
           ,"Fire When Event Result Is":"True"
           ,"Fire on Initialization":false
          }
        }
      ]
    }
  ]
 ,"Validations":[
    {
      "id":"25612600678767193"
     ,"Identification":{
        "Name":"At least One Feedback Required"
      }
     ,"Execution":{
        "Sequence":10
      }
     ,"Validation":{
        "Type":"Function Body (returning Boolean)"
       ,"Language":"PL\/SQL"
       ,"PL\/SQL Function Body":"if :P10010_FEEDBACK is null and :P10010_RATING is null then\n    return false;\nelse\n    return true;\nend if;"
       ,"Always Execute":false
      }
     ,"Error":{
        "Error Message":"Please provide feedback or your experience."
       ,"Display Location":"Inline in Notification"
      }
    }
  ]
 ,"Processes":[
    {
      "id":"25610067060767191"
     ,"Identification":{
        "Name":"Submit Feedback"
       ,"Type":"Invoke API"
       ,"Execution Chain":"None"
      }
     ,"Settings":{
        "Type":"PL\/SQL Package"
       ,"Owner":"PARSING SCHEMA"
       ,"Package":"APEX_UTIL"
       ,"Procedure or Function":"SUBMIT_FEEDBACK"
      }
     ,"Execution":{
        "Sequence":10
       ,"Point":"Processing"
       ,"Run Process":"Once Per Page Visit (default)"
      }
     ,"Success Message":{
        "Success Message":"Feedback Submitted"
      }
     ,"Error":{
        "Display Location":"Inline in Notification"
      }
     ,"Server-side Condition":{
        "When Button Pressed":"SUBMIT (25602315057767176)"
      }
     ,"Parameters":[
        {
          "id":"25610633446767192"
         ,"Identification":{
            "Name":"p_comment"
          }
         ,"Parameter":{
            "Direction":"In"
           ,"Data Type":"VARCHAR2"
           ,"Has Default":true
          }
         ,"Value":{
            "Type":"Item"
           ,"Item":"P10010_FEEDBACK"
          }
         ,"Advanced":{
            "Display Sequence":1
          }
        }
       ,{
          "id":"25611096586767192"
         ,"Identification":{
            "Name":"p_application_id"
          }
         ,"Parameter":{
            "Direction":"In"
           ,"Data Type":"VARCHAR2"
           ,"Has Default":true
          }
         ,"Value":{
            "Type":"Item"
           ,"Item":"APP_ID"
          }
         ,"Advanced":{
            "Display Sequence":2
          }
        }
       ,{
          "id":"25611600452767192"
         ,"Identification":{
            "Name":"p_page_id"
          }
         ,"Parameter":{
            "Direction":"In"
           ,"Data Type":"VARCHAR2"
           ,"Has Default":true
          }
         ,"Value":{
            "Type":"Item"
           ,"Item":"P10010_PAGE_ID"
          }
         ,"Advanced":{
            "Display Sequence":3
          }
        }
       ,{
          "id":"25612110825767192"
         ,"Identification":{
            "Name":"p_rating"
          }
         ,"Parameter":{
            "Direction":"In"
           ,"Data Type":"NUMBER"
           ,"Has Default":true
          }
         ,"Value":{
            "Type":"Item"
           ,"Item":"P10010_RATING"
          }
         ,"Advanced":{
            "Display Sequence":4
          }
        }
      ]
    }
  ]
 ,"Branches":[
    {
      "id":"25613035305767194"
     ,"Identification":{
        "Name":"Go To Page 10011"
      }
     ,"Execution":{
        "Sequence":10
       ,"Point":"After Processing"
      }
     ,"Behavior":{
        "Type":"Page or URL (Redirect)"
       ,"Target":{
          "url":"f?p=\u0026APP_ID.:10011:\u0026APP_SESSION.::\u0026DEBUG.:RP::"
         ,"Page":"10011"
         ,"Clear Cache":"RP"
        }
      }
    }
  ]
}
