{
  "id":"20010"
 ,"Identification":{
    "Name":"Push Notifications"
   ,"Alias":"PUSH-NOTIFICATIONS"
   ,"Title":"Settings - Push Notifications"
   ,"Page Group":"User Settings (25647373871767314)"
  }
 ,"Appearance":{
    "Page Mode":"Modal Dialog"
   ,"Dialog Template":"Drawer (25305720571766798)"
   ,"Template Options":[
      "#DEFAULT#"
     ,"js-dialog-class-t-Drawer--pullOutEnd"
    ]
  }
 ,"Dialog":{
    "Chained":true
  }
 ,"Navigation Menu":{
    "Override User Interface Level":false
  }
 ,"Navigation":{
    "Cursor Focus":"Do not focus cursor"
   ,"Warn on Unsaved Changes":false
  }
 ,"JavaScript":{
    "Execute when Page Loads":"apex.pwa.initPushSubscriptionPage();"
  }
 ,"Security":{
    "Authentication":"Page Requires Authentication"
   ,"Deep Linking":"Application Default"
   ,"Page Access Protection":"Arguments Must Have Checksum"
   ,"Form Auto Complete":"Off"
   ,"Browser Cache":"Application Default"
  }
 ,"Session Management":{
    "Rejoin Sessions":"Application Default"
  }
 ,"Advanced":{
    "Enable duplicate page submissions":"Yes - Enable page to be re-posted"
   ,"Reload on Submit":"Only for Success"
  }
 ,"Server Cache":{
    "Caching":"Disabled"
  }
 ,"Help":{
    "Help Text":"This page contains the settings for controlling push notification subscription for the current user."
  }
 ,"Configuration":{
    "Build Option":"Feature: Push Notifications (25647655831767314)"
  }
 ,"Regions":[
    {
      "id":"25649049749767317"
     ,"Identification":{
        "Title":"Push Notifications Not Supported"
       ,"Type":"Static Content"
      }
     ,"Source":{
        "HTML Code":"Push notifications are not currently supported in your browser."
      }
     ,"Layout":{
        "Sequence":20
       ,"Parent Region":"No Parent"
       ,"Position":"BODY"
       ,"Start New Layout":false
       ,"Start New Row":true
       ,"Column":"Automatic"
       ,"New Column":true
       ,"Column Span":"Automatic"
      }
     ,"Appearance":{
        "Template":"Alert (25336405121766836)"
       ,"Template Options":[
          "#DEFAULT#"
         ,"t-Alert--colorBG"
         ,"t-Alert--wizard"
         ,"t-Alert--customIcons"
         ,"t-Alert--warning"
         ,"t-Alert--removeHeading js-removeLandmark"
         ,"t-Form--xlarge"
        ]
       ,"CSS Classes":[
          "a-pwaPush--subscriptionRegion--not-supported"
        ]
       ,"Icon":"fa-bell-slash-o"
       ,"Render Components":"Below Content"
      }
     ,"Accessibility":{
        "Use Landmark":true
       ,"Landmark Type":"Template Default"
      }
     ,"Advanced":{
        "Custom Attributes":[
          "style=\"display:none;\""
        ]
       ,"Region Display Selector":false
       ,"Exclude Title from Translation":false
      }
     ,"Server Cache":{
        "Caching":"Disabled"
      }
     ,"Customization":{
        "Customizable":"Not Customizable By End Users"
      }
     ,"Attributes":{
        "Settings":{
          "Output As":"HTML"
         ,"Expand Shortcuts":false
        }
      }
    }
   ,{
      "id":"25649361927767317"
     ,"Identification":{
        "Title":"Push Notifications"
       ,"Type":"Static Content"
      }
     ,"Source":{
        "HTML Code":"Push notifications have to be enabled for each device you want to receive the notifications on. The first time you enable push notifications, you will have to grant permission to your browser. This setting can be changed at any time."
      }
     ,"Layout":{
        "Sequence":30
       ,"Parent Region":"No Parent"
       ,"Position":"BODY"
       ,"Start New Layout":false
       ,"Start New Row":true
       ,"Column":"Automatic"
       ,"New Column":true
       ,"Column Span":"Automatic"
      }
     ,"Appearance":{
        "Template":"Alert (25336405121766836)"
       ,"Template Options":[
          "#DEFAULT#"
         ,"t-Alert--colorBG"
         ,"t-Alert--wizard"
         ,"t-Alert--customIcons"
         ,"t-Alert--info"
         ,"t-Alert--removeHeading js-removeLandmark"
         ,"t-Form--xlarge"
        ]
       ,"CSS Classes":[
          "a-pwaPush--subscriptionRegion"
        ]
       ,"Icon":"fa-bell-o"
       ,"Render Components":"Below Content"
      }
     ,"Accessibility":{
        "Use Landmark":true
       ,"Landmark Type":"Template Default"
      }
     ,"Advanced":{
        "Region Display Selector":false
       ,"Exclude Title from Translation":false
      }
     ,"Server Cache":{
        "Caching":"Disabled"
      }
     ,"Customization":{
        "Customizable":"Not Customizable By End Users"
      }
     ,"Attributes":{
        "Settings":{
          "Output As":"HTML"
         ,"Expand Shortcuts":false
        }
      }
    }
  ]
 ,"Page Items":[
    {
      "id":"25649804625767318"
     ,"Identification":{
        "Name":"P20010_ENABLE_PUSH"
       ,"Type":"Checkbox"
      }
     ,"Label":{
        "Label":"Enable push notifications on this device"
       ,"Alignment":"Left"
      }
     ,"Settings":{
        "Use Defaults":true
      }
     ,"Layout":{
        "Sequence":10
       ,"Region":"Push Notifications (25649361927767317)"
       ,"Position":"BODY"
       ,"Alignment":"Left"
       ,"Start New Layout":false
       ,"Start New Row":true
       ,"Column":"Automatic"
       ,"New Column":true
       ,"Column Span":"Automatic"
       ,"Label Column Span":"Page Template Default"
      }
     ,"Appearance":{
        "Template":"Optional - Floating (25478957902766942)"
       ,"Template Options":[
          "#DEFAULT#"
         ,"margin-top-sm"
        ]
      }
     ,"Validation":{
        "Value Required":false
      }
     ,"Advanced":{
        "Warn on Unsaved Changes":"Page Default"
      }
     ,"Source":{
        "Type":"Null"
       ,"Used":"Only when current value in session state is null"
      }
     ,"Session State":{
        "Storage":"Per Session (Persistent)"
      }
     ,"Security":{
        "Session State Protection":"Unrestricted"
       ,"Store value encrypted in session state":true
       ,"Restricted Characters":"All characters can be saved."
      }
    }
  ]
 ,"Buttons":[
    {
      "id":"25648585421767316"
     ,"Identification":{
        "Button Name":"BACK"
       ,"Label":"Settings"
      }
     ,"Layout":{
        "Sequence":10
       ,"Region":"No Parent"
       ,"Position":"BODY"
       ,"Start New Layout":false
       ,"Start New Row":true
       ,"Column":"Automatic"
       ,"New Column":true
       ,"Column Span":"Automatic"
       ,"Alignment":"Right"
      }
     ,"Appearance":{
        "Button Template":"Text with Icon (25481505317766946)"
       ,"Hot":false
       ,"Template Options":[
          "#DEFAULT#"
         ,"t-Button--link"
         ,"t-Button--iconLeft"
        ]
       ,"CSS Classes":[
          "t-Button--inlineLink"
        ]
       ,"Icon":"fa-chevron-left"
      }
     ,"Behavior":{
        "Action":"Redirect to Page in this Application"
       ,"Target":{
          "url":"f?p=\u0026APP_ID.:20000:\u0026APP_SESSION.::\u0026DEBUG.:::"
         ,"Page":"20000"
        }
       ,"Warn on Unsaved Changes":"Do Not Check"
      }
    }
  ]
 ,"Dynamic Actions":[
    {
      "id":"25650079797767318"
     ,"Identification":{
        "Name":"Change P20010_ENABLE_PUSH"
      }
     ,"Execution":{
        "Sequence":10
      }
     ,"When":{
        "Event":"EVENT.EVENT.BROWSER.CHANGE"
       ,"Selection Type":"Item(s)"
       ,"Item(s)":[
          "P20010_ENABLE_PUSH"
        ]
      }
     ,"Client-side Condition":{
        "Type":"Item = Value"
       ,"Item":"P20010_ENABLE_PUSH"
       ,"Value":"Y"
      }
     ,"Execution":{
        "Event Scope":"Static"
       ,"Type":"Immediate"
      }
     ,"Actions":[
        {
          "id":"25650612946767319"
         ,"Identification":{
            "Name":"Subscribe to push notifications"
           ,"Action":"Execute JavaScript Code"
          }
         ,"Settings":{
            "Code":"apex.pwa.subscribePushNotifications();"
          }
         ,"Execution":{
            "Sequence":10
           ,"Event":"Change P20010_ENABLE_PUSH (25650079797767318)"
           ,"Fire When Event Result Is":"True"
           ,"Fire on Initialization":false
          }
        }
       ,{
          "id":"25651137407767319"
         ,"Identification":{
            "Name":"Unsubscribe from push notifications"
           ,"Action":"Execute JavaScript Code"
          }
         ,"Settings":{
            "Code":"apex.pwa.unsubscribePushNotifications();"
          }
         ,"Execution":{
            "Sequence":10
           ,"Event":"Change P20010_ENABLE_PUSH (25650079797767318)"
           ,"Fire When Event Result Is":"False"
           ,"Fire on Initialization":false
          }
        }
      ]
    }
  ]
}
