[
  {
    "id":"25428217146766898"
   ,"Identification":{
      "Name":"Alerts"
    }
  }
 ,{
    "id":"25428413496766900"
   ,"Identification":{
      "Name":"Badge List"
    }
  }
 ,{
    "id":"25432441059766902"
   ,"Identification":{
      "Name":"Cards"
    }
  }
 ,{
    "id":"25437788155766905"
   ,"Identification":{
      "Name":"Search Results"
    }
  }
 ,{
    "id":"25437968711766906"
   ,"Identification":{
      "Name":"Value Attribute Pairs - Column"
    }
  }
 ,{
    "id":"25440027676766907"
   ,"Identification":{
      "Name":"Value Attribute Pairs - Row"
    }
  }
 ,{
    "id":"25441778098766908"
   ,"Identification":{
      "Name":"Comments"
    }
  }
 ,{
    "id":"25443017495766909"
   ,"Identification":{
      "Name":"Contextual Info"
    }
  }
 ,{
    "id":"25444052275766910"
   ,"Identification":{
      "Name":"Standard"
    }
  }
 ,{
    "id":"25446584187766912"
   ,"Identification":{
      "Name":"Content Row"
    }
  }
 ,{
    "id":"25449785561766914"
   ,"Identification":{
      "Name":"Timeline"
    }
  }
 ,{
    "id":"25450228295766914"
   ,"Identification":{
      "Name":"Media List"
    }
  }
]
