[
  {
    "id":"25478604884766940"
   ,"Identification":{
      "Name":"Hidden"
    }
  }
 ,{
    "id":"25478720249766941"
   ,"Identification":{
      "Name":"Optional"
    }
  }
 ,{
    "id":"25478852920766942"
   ,"Identification":{
      "Name":"Optional - Above"
    }
  }
 ,{
    "id":"25478957902766942"
   ,"Identification":{
      "Name":"Optional - Floating"
    }
  }
 ,{
    "id":"25479035016766942"
   ,"Identification":{
      "Name":"Required"
    }
  }
 ,{
    "id":"25479684482766942"
   ,"Identification":{
      "Name":"Required - Above"
    }
  }
 ,{
    "id":"25480248232766943"
   ,"Identification":{
      "Name":"Required - Floating"
    }
  }
]
