[
  {
    "id":"25453224993766916"
   ,"Identification":{
      "Name":"Badge List"
    }
  }
 ,{
    "id":"25457234469766923"
   ,"Identification":{
      "Name":"Cards"
    }
  }
 ,{
    "id":"25462775433766926"
   ,"Identification":{
      "Name":"Media List"
    }
  }
 ,{
    "id":"25465656318766928"
   ,"Identification":{
      "Name":"Tabs"
    }
  }
 ,{
    "id":"25467205167766929"
   ,"Identification":{
      "Name":"Top Navigation Tabs"
    }
  }
 ,{
    "id":"25468849417766931"
   ,"Identification":{
      "Name":"Links List"
    }
  }
 ,{
    "id":"25470405608766932"
   ,"Identification":{
      "Name":"Menu Bar"
    }
  }
 ,{
    "id":"25471409310766933"
   ,"Identification":{
      "Name":"Top Navigation Mega Menu"
    }
  }
 ,{
    "id":"25473458210766936"
   ,"Identification":{
      "Name":"Wizard Progress"
    }
  }
 ,{
    "id":"25474827601766936"
   ,"Identification":{
      "Name":"Menu Popup"
    }
  }
 ,{
    "id":"25475430089766937"
   ,"Identification":{
      "Name":"Navigation Bar"
    }
  }
 ,{
    "id":"25475841911766937"
   ,"Identification":{
      "Name":"Side Navigation Menu"
    }
  }
 ,{
    "id":"25477599147766939"
   ,"Identification":{
      "Name":"Top Navigation Menu"
    }
  }
]
