[
  {
    "id":"25305720571766798"
   ,"Identification":{
      "Name":"Drawer"
    }
  }
 ,{
    "id":"25308592245766816"
   ,"Identification":{
      "Name":"Left Side Column"
    }
  }
 ,{
    "id":"25312320774766820"
   ,"Identification":{
      "Name":"Right Side Column"
    }
  }
 ,{
    "id":"25315974840766822"
   ,"Identification":{
      "Name":"Standard"
    }
  }
 ,{
    "id":"25319464088766823"
   ,"Identification":{
      "Name":"Marquee"
    }
  }
 ,{
    "id":"25323379011766827"
   ,"Identification":{
      "Name":"Left and Right Side Columns"
    }
  }
 ,{
    "id":"25327395243766829"
   ,"Identification":{
      "Name":"Minimal (No Navigation)"
    }
  }
 ,{
    "id":"25330781449766831"
   ,"Identification":{
      "Name":"Login"
    }
  }
 ,{
    "id":"25333461724766833"
   ,"Identification":{
      "Name":"Modal Dialog"
    }
  }
 ,{
    "id":"25334867813766834"
   ,"Identification":{
      "Name":"Wizard Modal Dialog"
    }
  }
]
