[
  {
    "id":"25336405121766836"
   ,"Identification":{
      "Name":"Alert"
    }
  }
 ,{
    "id":"25341661097766844"
   ,"Identification":{
      "Name":"Blank with Attributes"
    }
  }
 ,{
    "id":"25343013989766845"
   ,"Identification":{
      "Name":"Blank with Attributes (No Grid)"
    }
  }
 ,{
    "id":"25344412816766846"
   ,"Identification":{
      "Name":"Cards Container"
    }
  }
 ,{
    "id":"25346543895766848"
   ,"Identification":{
      "Name":"Carousel Container"
    }
  }
 ,{
    "id":"25356375584766855"
   ,"Identification":{
      "Name":"Image"
    }
  }
 ,{
    "id":"25361857731766858"
   ,"Identification":{
      "Name":"Inline Drawer"
    }
  }
 ,{
    "id":"25366629838766862"
   ,"Identification":{
      "Name":"Login"
    }
  }
 ,{
    "id":"25369094406766863"
   ,"Identification":{
      "Name":"Search Results Container"
    }
  }
 ,{
    "id":"25371812688766865"
   ,"Identification":{
      "Name":"Buttons Container"
    }
  }
 ,{
    "id":"25375885953766868"
   ,"Identification":{
      "Name":"Content Block"
    }
  }
 ,{
    "id":"25380522199766870"
   ,"Identification":{
      "Name":"Interactive Report"
    }
  }
 ,{
    "id":"25382600731766872"
   ,"Identification":{
      "Name":"Collapsible"
    }
  }
 ,{
    "id":"25392388887766878"
   ,"Identification":{
      "Name":"Hero"
    }
  }
 ,{
    "id":"25395890538766880"
   ,"Identification":{
      "Name":"Inline Dialog"
    }
  }
 ,{
    "id":"25400354488766882"
   ,"Identification":{
      "Name":"Inline Popup"
    }
  }
 ,{
    "id":"25405748187766885"
   ,"Identification":{
      "Name":"Item Container"
    }
  }
 ,{
    "id":"25408182856766886"
   ,"Identification":{
      "Name":"Standard"
    }
  }
 ,{
    "id":"25418031535766892"
   ,"Identification":{
      "Name":"Tabs Container"
    }
  }
 ,{
    "id":"25420593280766893"
   ,"Identification":{
      "Name":"Title Bar"
    }
  }
 ,{
    "id":"25425689799766896"
   ,"Identification":{
      "Name":"Wizard Container"
    }
  }
]
